frame_nmr,car_id,car_bbox,license_plate_bbox,license_plate_bbox_score,license_number,license_number_score
2,3,750.6694535234064 1379.55250058519 1431.8735264811908 2000.5612341835363,971.308837890625 1776.15283203125 1176.1116943359375 1853.0767822265625,0.32367396354675293,NA13NPU,0.37496737717253137
